BIN NAME,"BIN & 
SEQ #",DESCRIPTION,MATERIAL,COLOR,"SIZE
(HEIGHT X 
WIDTH",PICTURE,NOTES
"BIRDS / 
INSECTS",,BEE,METAL,SILVER,"2"" X 2.75""",,
"BIRDS / 
INSECTS",,BIRD,METAL,SILVER,"2.75"" X 4""",,
"BIRDS / 
INSECTS",,BIRD / PEEP / CHICK,METAL,SILVER,"2.5"" X 3.25""",,
"BIRDS / 
INSECTS",,BUTTERFLY,METAL,SILVER,"2.75"" X 3""",,
"BIRDS / 
INSECTS",,BUTTERFLY,METAL,SILVER,"2.25"" X 3""",,
"BIRDS / 
INSECTS",,BUTTERFLY,PLASTIC,YELLOW,"3"" X 3.5""",,
"BIRDS / 
INSECTS",,BUTTERFLY,METAL,SILVER,"3"" X 4.5""",,
"BIRDS / 
INSECTS",,BUTTERFLY,METAL,LIGHT BLUE,"2.75"" X 3.5""",,
"BIRDS / 
INSECTS",,CARDINAL,METAL,SILVER,"3.75"" X 4""",,
"BIRDS / 
INSECTS",,CATERPILLAR,PLASTIC,GREEN,"3.5"" X 5.25""",,
"BIRDS / 
INSECTS",,CHICK,METAL,SILVER,"2.75"" X 2.75""",,
"BIRDS / 
INSECTS",,CHICK / PEEP,METAL,SILVER,"2.5"" X 2.25""",,
"BIRDS / 
INSECTS",,CHICKEN / HEN,METAL,SILVER,"3.5"" X 3""",,
"BIRDS / 
INSECTS",,PENQUIN,METAL,SILVER,"4"" X 3.75""",,
"BIRDS / 
INSECTS",,DOVE,METAL,SILVER,"3"" X 3.5""",,
"BIRDS / 
INSECTS",,DOVE,METAL,SILVER,"2"" X 3.5""",,
"BIRDS / 
INSECTS",,DUCK,METAL,SILVER,"2.75"" X 3.25""",,
"BIRDS / 
INSECTS",,DUCK,METAL,SILVER,"3"" X 3.25""",,
"BIRDS / 
INSECTS",,DUCKLING,PLASTIC,RED,"3"" X 2.5""",,
"BIRDS / 
INSECTS",,EAGLE,METAL,SILVER,"2.75"" X 4.25""",,
"BIRDS / 
INSECTS",,FLAMINGO,METAL,SILVER,"2.5"" X 4""",,
"BIRDS / 
INSECTS",,FLAMINGO,METAL,SILVER,"4.25"" X 3""",,
"BIRDS / 
INSECTS",,HUMMINGBIRD,METAL,SILVER,"2.25"" X 3""",,
"BIRDS / 
INSECTS",,OWL,METAL,SILVER,"3.5"" X 3""",,
"BIRDS / 
INSECTS",,OWL,METAL,SILVER,"3.25"" X 3""",,
"BIRDS / 
INSECTS",,PEACOCK,METAL,SILVER,"3.75"" X 3.75""",,
"BIRDS / 
INSECTS",,ROOSTER,METAL,SILVER,"4"" X 3.5""",,
"BIRDS / 
INSECTS",,ROOSTER,METAL,SILVER,"3"" X 3""",,
"BIRDS / 
INSECTS",,ROOSTER,METAL,SILVER,"2.75"" X 2.5""",,
"BIRDS / 
INSECTS",,ROOSTER (2),METAL,SILVER,"4"" X 3.5""",,
"BIRDS / 
INSECTS",,SEAGULL,METAL,SILVER,"3"" X 3.5""",,
"BIRDS / 
INSECTS",,TURKEY,METAL,SILVER,"3.75"" X 3.75""",,
"CARS /
TRUCKS",,AIRPLANE,METAL,BLUE,"3.25"" X 3.5""",,
"CARS /
TRUCKS",,AIRPLANE,METAL,SILVER,"4.25"" X 4""",,
"CARS /
TRUCKS",,AIRPLANE,METAL,SILVER,"3"" X 2.75""",,
"CARS /
TRUCKS",,BOAT ANCHOR,METAL,SILVER,"4.25"" X 4.25""",,
"CARS /
TRUCKS",,CAR,METAL,SILVER,"1.75"" X 4.75""",,POLICE CAR
"CARS /
TRUCKS",,CAR,METAL,SILVER,"2"" X 4.75""",,POLICE CAR
"CARS /
TRUCKS",,CAR,METAL,SILVER,"3.25"" X 4.75""",,
"CARS /
TRUCKS",,CAR,METAL,RED,"1.75"" X 4.25""",,SPORTS CAR
"CARS /
TRUCKS",,CONSTRUCTION VEHICLE,PLASTIC,WHITE,"2"" X 3.5""",,
"CARS /
TRUCKS",,CONSTRUCTION VEHICLE,PLASTIC,WHITE,"2.25"" X 3.25""",,FRONT END LOADER
"CARS /
TRUCKS",,CONSTRUCTION VEHICLE,PLASTIC,WHITE,"2.5"" X 3.25""",,TOW TRUCK
"CARS /
TRUCKS",,CONSTRUCTION VEHICLE,METAL,SILVER,"3.25"" X 4.5""",,BULLDOZER
"CARS /
TRUCKS",,CONSTRUCTION VEHICLE,PLASTIC,WHITE,"2.5"" X 3.25""",,
"CARS /
TRUCKS",,CONSTRUCTION VEHICLE,PLASTIC,WHITE,"2.25"" X 3.25""",,
"CARS /
TRUCKS",,DUMP TRUCK,METAL,SILVER,"2.5"" X 4.75""",,
"CARS /
TRUCKS",,HOT AIR BALLOON,METAL,SILVER,"4.5"" X 3.5""",,
"CARS /
TRUCKS",,LIGHTHOUSE,METAL,SILVER,"4.75"" X 2.5""",,
"CARS /
TRUCKS",,MOTORCYCLE,METAL,SILVER,"2.75"" X 5""",,
"CARS /
TRUCKS",,PICKUP TRUCK,METAL,SILVER,"2.5"" X 4.5""",,
"CARS /
TRUCKS",,PLANET,METAL,SILVER,"2"" X 3.25""",,
"CARS /
TRUCKS",,SAILBOAT,METAL,SILVER,"3.5"" X 2.5""",,
"CARS /
TRUCKS",,SCHOOL BUS,PLASTIC,GREY,"2.5"" X 3.75""",,
"CARS /
TRUCKS",,SPACESHIP,METAL,SILVER,"3.5"" X 2.25""",,
"CARS /
TRUCKS",,SPACESHIP,METAL,SILVER,"3.25"" X 2.5""",,
"CARS /
TRUCKS",,STEAM ROLLER,METAL,SILVER,"2.5"" X 3.25""",,
"CARS /
TRUCKS",,TRACTOR,METAL,SILVER,"3.25"" X 4.25""",,
"CARS /
TRUCKS",,TRAIN LOCOMOTIVE,METAL,SILVER,"2.25"" X 3.5""",,
"CARS /
TRUCKS",,TRUCK,PLASTIC,WHITE,"2.25"" X 3.5""",,DELIVERY TRUCK
"CARS /
TRUCKS",,TRUCK,PLASTIC,WHITE,"2.25"" X 3.25""",,DELIVERY TRUCK
"CARS /
TRUCKS",,TRUCK,METAL,SILVER,"2.5"" X 4.5""",,
"CARS /
TRUCKS",,UFO / FLYING SAUCER ,METAL,SILVER,"1.75"" X 3.5""",,
"CLOTHES / 
SHOES",,BABY ONESIE,METAL,YELLOW,"3"" X 3""",,
"CLOTHES / 
SHOES",,BASEBALL JERSEY,PLASTIC,BLUE,"3.25"" X 3.75""",,
"CLOTHES / 
SHOES",,BASKETBALL JERSEY,METAL,SILVER,"4.5"" X 2.75""",,
"CLOTHES / 
SHOES",,BASKETBALL JERSEY,METAL,SILVER,"3.5"" X 2.5""",,
"CLOTHES / 
SHOES",,BASKETBALL JERSEY,METAL,SILVER,"3.75"" X 3""",,
"CLOTHES / 
SHOES",,BOW TIE,METAL,SILVER,"2"" X 3.5""",,
"CLOTHES / 
SHOES",,BOW TIE /  HAIR BOW,METAL,LIGHT BLUE,"2"" X 3.5""",,
"CLOTHES / 
SHOES",,BOY'S OUTFIT (T-SHIRT & SHORTS SET),METAL,SILVER,"3"" X 3.25""",,
"SPECIAL
OCCASIONS",,COWBOY BOOT WITH FLOWERS,PLASTIC,PURPLE,"4"" X 3.5""",,
"CLOTHES / 
SHOES",,COWBOY BOOT,PLASTIC,BROWN,"3.5"" X 3""",,
"CLOTHES / 
SHOES",,COWBOY HAT,PLASTIC,BROWN,"2"" X 3.5""",,
"CLOTHES / 
SHOES",,CROWN,PLASTIC,LIGHT BLUE,"2"" X 3""",,
"CLOTHES / 
SHOES",,CROWN,METAL,WHITE,"2"" X 3.5""",,
"CLOTHES / 
SHOES",,DRESS,METAL,WHITE,"3.5"" X 2.75""",,
"CLOTHES / 
SHOES",,FLIP FLOP,METAL,SILVER,"4.5"" X 2.5""",,
"CLOTHES / 
SHOES",,FLIP FLOP,METAL,LIGHT BLUE,"3.25"" X 2.75""",,
"CLOTHES / 
SHOES",,FLIP FLOP,METAL,SILVER,"3"" X 2.25""",,BABY'S FOOT
"CLOTHES / 
SHOES",,GIRL'S DRESS,METAL,SILVER,"3.5"" X 3.5""",,
"CLOTHES / 
SHOES",,HAIR BOW,METAL,SILVER,"2.5"" X 3""",,
"CLOTHES / 
SHOES",,HAIR BOW,METAL,SILVER,"4"" X 2.5""",,
"CLOTHES / 
SHOES",,HAT,METAL,SILVER,"2.5"" X 3.5""",,
"CLOTHES / 
SHOES",,HIGH HEEL SHOE,METAL,PINK,"2.5"" X 3.75""",,
"CLOTHES / 
SHOES",,HIGH HEEL SHOE,METAL,SILVER,"3.5"" X 3.5""",,
"CLOTHES / 
SHOES",,LIPSTICK (2),METAL,SILVER,"4"" X 2""",,
"CLOTHES / 
SHOES",,MEN'S TIE (2),METAL,SILVER,"4"" X 2""",,
"CLOTHES / 
SHOES",,MOUSTACHE,METAL,SILVER,"1.5"" X 4""",,
"CLOTHES / 
SHOES",,MOUSTACHE,METAL,BLACK,"1.5"" X 4.5""",,
"CLOTHES / 
SHOES",,MOUSTACHE,METAL,"SILVER W/ 
BLACK 
TOP EDGE","2"" X 5""",,
"CLOTHES / 
SHOES",,NAIL POLISH,METAL,SILVER,"3.5"" X 1.5""",,
"CLOTHES / 
SHOES",,NURSE HAT,METAL,SILVER,"2.5"" X 4""",,
"CLOTHES / 
SHOES",,PAJAMAS / PJ'S,METAL,SILVER,"4.5"" X 4.25""",,
"CLOTHES / 
SHOES",,POCKETBOOK,METAL,SILVER,"4"" X 4""",,
"CLOTHES / 
SHOES",,SHIRT,METAL,SILVER,"3.5"" X 3.5""",,NURSE OR DOCTOR SCRUBS OR T-SHIRT
"CLOTHES / 
SHOES",,SNEAKER,METAL,COPPER,"3.25"" X 5""",,
"CLOTHES / 
SHOES",,SNEAKER (2),METAL,SILVER,"2"" X 4""",,
"CLOTHES / 
SHOES",,SOCCER / FOOTBALL JERSEY,METAL,WHITE,"3"" X 3.25""",,
"CLOTHES / 
SHOES",,SOCK,PLASTIC,PINK,"4.5"" X 3""",,
"CLOTHES / 
SHOES",,SUNGLASSES,METAL,SILVER,"1.5"" X 3.75""",,
"CLOTHES / 
SHOES",,SUNGLASSES,METAL,SILVER,"2"" X 4""",,
"CLOTHES / 
SHOES",,SUNGLASSES,METAL,ORANGE,"1.5"" X 3.75""",,
"CLOTHES / 
SHOES",,SWEATER (2),METAL,SILVER,"3"" X 4.25""",,
"CLOTHES / 
SHOES",,WEDDING DRESS,METAL,SILVER,"4"" X 3.75""",,
"CLOTHES / 
SHOES",,WINTER HAT,METAL,SILVER,"3"" X 3.75""",,
"CLOTHES / 
SHOES",,WINTER HAT,METAL,SILVER,"3.25"" X 3.25""",,
"CLOTHES / 
SHOES",,WINTER MITTEN,METAL,SILVER,"4"" X 3.5""",,
"DINOSAURS / 
UNICORNS",,DINOSAUR,METAL,SILVER,"3.5"" X 3.5""",,BRONTOSAURUS
"DINOSAURS / 
UNICORNS",,DINOSAUR,METAL,SILVER,"2"" X 4.25""",,PTERODACTYL
"DINOSAURS / 
UNICORNS",,DINOSAUR,METAL,COPPER,"4.25"" X 5.25""",,BRACHIOSAURUS
"DINOSAURS / 
UNICORNS",,DINOSAUR,METAL,SILVER,"1.75"" X 4""",,TRICERATOPS
"DINOSAURS / 
UNICORNS",,DINOSAUR,METAL,SILVER,"2.5"" X 3.75""",,T-REX
"DINOSAURS / 
UNICORNS",,DINOSAUR,METAL,SILVER,"2.5"" X 3.5""",,BRONTOSAURUS 
"DINOSAURS / 
UNICORNS",,DINOSAUR,METAL,SILVER,"3"" X 3""",,T-REX
"DINOSAURS / 
UNICORNS",,DINOSAUR,METAL,SILVER,"3"" X 3""",,
"DINOSAURS / 
UNICORNS",,DINOSAUR,METAL,SILVER,"1.5"" X 4""",,
"DINOSAURS / 
UNICORNS",,DINOSAUR,PLASTIC,WHITE,"4"" X 5.5""",,PARASAUROLOPHUS
"DINOSAURS / 
UNICORNS",,DINOSAUR,PLASTIC,LIGHT BLUE,"2.25"" X 3.25""",,STEGOSAURUS
"DINOSAURS / 
UNICORNS",,DINOSAUR,METAL,SILVER,"3.75"" X 5""",,BRONTOSAURUS
"DINOSAURS / 
UNICORNS",,DINOSAUR,METAL,SILVER,"2.75"" X 5""",,STEGOSAURUS
"DINOSAURS / 
UNICORNS",,DINOSAUR FOOTPRINT,METAL,SILVER,"3,25"" X 3""",,
"DINOSAURS / 
UNICORNS",,DINOSAUR FOOTPRINT,METAL,SILVER,"4"" X 3.25""",,
"DINOSAURS / 
UNICORNS",,MAGICAL WAND,METAL,YELLOW,"2.75"" X 1.75""",,
"DINOSAURS / 
UNICORNS",,UNICORN,METAL,PINK,"3.5"" X 3""",,
"DINOSAURS / 
UNICORNS",,UNICORN,METAL,SILVER,"3.25"" X 4.5""",,
"DINOSAURS / 
UNICORNS",,UNICORN,METAL,SILVER,"4"" X 3.5""",,
"DINOSAURS / 
UNICORNS",,UNICORN,METAL,SILVER,"4"" X 2.75""",,
"DINOSAURS / 
UNICORNS",,UNICORN,PLASTIC,LIGHT BLUE,"3.5"" X 2.25""",,
DISNEY / STAR WARS / ETC.,,AVENGERS SYMBOL,PLASTIC,BLUE,"4.25"" X 3.75""",,
DISNEY / STAR WARS / ETC.,,BABY YODA,PLASTIC,GREEN,"3.5"" X 3.5""",,
DISNEY / STAR WARS / ETC.,,BATMAN,PLASTIC,RED,"4"" X 3.5""",,
DISNEY / STAR WARS / ETC.,,BATMAN LEGO SET,PLASTIC,RED,"4.5"" X 2""",,
DISNEY / STAR WARS / ETC.,,BATMAN LOGO,PLASTIC,RED,"1.5"" X 3""",,
DISNEY / STAR WARS / ETC.,,BATMAN LOGO - 3 PIECE NESTED SET,PLASTIC,RED,"1.25"" X 2.25""",,
DISNEY / STAR WARS / ETC.,,CAPTAIN AMERICA SHIELD,PLASTIC,RED,"3.5"" X 3.5""",,
DISNEY / STAR WARS / ETC.,,CHEWBACCA,PLASTIC STAMP,BROWN,"3.5"" X 3""",,
DISNEY / STAR WARS / ETC.,,"DEATH LORD (GUARDIANS OF 
THE GALAXY)",PLASTIC,DARK GREY,"4"" X 3""",,
DISNEY / STAR WARS / ETC.,,DEATH STAR,PLASTIC STAMP,LIGHT GREY,"3"" X 3""",,
DISNEY / STAR WARS / ETC.,,DOCTOR STRANGE,PLASTIC,YELLOW,"2.5"" X 3.5""",,
DISNEY / STAR WARS / ETC.,,GREEN LANTERN (MARVEL),PLASTIC,BLACK,"3.5"" X 3.5""",,
DISNEY / STAR WARS / ETC.,,HULK FIST,PLASTIC,GREEN,"4"" X 3.25""",,
DISNEY / STAR WARS / ETC.,,IRON MAN,PLASTIC,RED,"4"" X 2.5""",,
DISNEY / STAR WARS / ETC.,,IRONMAN,PLASTIC,RED,"3"" X 1.5""",,
DISNEY / STAR WARS / ETC.,,LEGO,PLASTIC,RED,"4.5"" X 2.5""",,
DISNEY / STAR WARS / ETC.,,LOL DOLL,PLASTIC,PINK,"2.75"" X 3.75""",,
DISNEY / STAR WARS / ETC.,,MICKEY MOUSE,METAL,RED,"2.5"" X 3""",,
DISNEY / STAR WARS / ETC.,,MICKEY MOUSE,METAL,SILVER,"3"" X 4""",,
DISNEY / STAR WARS / ETC.,,MICKEY MOUSE,METAL,BLACK,"2.5"" X 3""",,
DISNEY / STAR WARS / ETC.,,MICKEY MOUSE,METAL,SILVER,"2"" X 2.5""",,
DISNEY / STAR WARS / ETC.,,MICKEY MOUSE,METAL,SILVER,"2.5"" X 3""",,
DISNEY / STAR WARS / ETC.,,MICKEY MOUSE,METAL,SILVER,"3.5"" X 4""",,
DISNEY / STAR WARS / ETC.,,MICKEY MOUSE - PROFILE OF HEAD,METAL,SILVER,"2.5"" X 3""",,
DISNEY / STAR WARS / ETC.,,MICKEY MOUSE (2),METAL,"SILVER W/ ORANGE 
TOP EDGE","3.5"" X 4""",,
DISNEY / STAR WARS / ETC.,,"MICKEY MOUSE (WITH HAND 
POINTING UPWARD)",METAL,SILVER,"3.5"" X 2.5""",,
DISNEY / STAR WARS / ETC.,,MICKEY MOUSE BOOT,METAL,SILVER,"2.5"" X 3.5""",,
DISNEY / STAR WARS / ETC.,,MICKEY MOUSE HAND,METAL,SILVER,"3.5"" X 3.5""",,
DISNEY / STAR WARS / ETC.,,MICKEY MOUSE HAND,METAL,SILVER,"2.5"" X 3""",,
DISNEY / STAR WARS / ETC.,,MICKEY MOUSE PANTS,METAL,SILVER,"3"" X 3""",,
DISNEY / STAR WARS / ETC.,,MILLENIUM FALCON,PLASTIC STAMP,LIGHT TAN,"2.5"" X 4""",,
DISNEY / STAR WARS / ETC.,,MINNIE MOUSE,METAL,SILVER,"3.5"" X 3.5""",,
DISNEY / STAR WARS / ETC.,,MINNIE MOUSE BOW,METAL,SILVER,"3"" X 3.5""",,
DISNEY / STAR WARS / ETC.,,MINNIE MOUSE BOW,METAL,PINK,"2"" X 3.5""",,
DISNEY / STAR WARS / ETC.,,PLAY STATION,PLASTIC,RED,"2"" X 3""",,
DISNEY / STAR WARS / ETC.,,R2-D2,PLASTIC,ORANGE,"4.5""X 3""",,
DISNEY / STAR WARS / ETC.,,R2-D2,PLASTIC,ORANGE,"4"" X 2.5""",,
DISNEY / STAR WARS / ETC.,,SESAME STREET COOKIE MONSTER,METAL,BLUE,"3"" X 3""",,
DISNEY / STAR WARS / ETC.,,SESAME STREET ELMO,METAL,RED,"3"" X 3""",,
DISNEY / STAR WARS / ETC.,,SNOOPY,METAL,SILVER,"3.5"" X 2.5""",,
DISNEY / STAR WARS / ETC.,,SNOOPY,METAL,SILVER,"3"" X 2""",,
DISNEY / STAR WARS / ETC.,,SPIDERMAN,PLASTIC,RED,"3"" X 2""",,
DISNEY / STAR WARS / ETC.,,SPIDERMAN,PLASTIC,BLUE,"3.75"" X 3""",,
DISNEY / STAR WARS / ETC.,,THOR'S HAMMER,PLASTIC,WHITE,"4"" X 2.75""",,
DISNEY / STAR WARS / ETC.,,TROLL,PLASTIC,RED,"4.25"" X 3.25""",,
DISNEY / STAR WARS / ETC.,,TROLL,PLASTIC,RED,"4.25"" X 2.75""",,
DISNEY / STAR WARS / ETC.,,WINNIE THE POOH,PLASTIC,YELLOW,"3.5"" X 3""",,
DISNEY / STAR WARS / ETC.,,WINNIE THE POOH''S HONEY POT,PLASTIC,YELLOW,"3.5"" X 3""",,
DISNEY / STAR WARS / ETC.,,WINNIE THE POOH''S HONEY POT,PLASTIC,GOLD,"3"" X 2.5""",,
DISNEY / STAR WARS / ETC.,,X-BOX,PLASTIC,RED,"2.5"" X 3.25""",,
DISNEY / STAR WARS / ETC.,,POKEMON - ASSORTED CHARACTERS,METAL,SILVER,"APPROX. 
3.5"" X 3""",,
DISNEY / STAR WARS / ETC.,,POKEMON - ASSORTED CHARACTERS,METAL,SILVER,"APPROX. 
3.5"" X 3""",,
DISNEY / STAR WARS / ETC.,,POKEMON - ASSORTED CHARACTERS,METAL,SILVER,"APPROX. 
3.5"" X 3""",,
"DOGS / 
CATS",,BINGO FACE (DOG),PLASTIC,BROWN,"3.75"" X 3""",,
"DOGS / 
CATS",,BLUEY FACE (DOG),PLASTIC,BLUE,"3.75"" X 3""",,
"DOGS / 
CATS",,CAT,METAL,SILVER,"4.25"" X 3.25""",,
"DOGS / 
CATS",,CAT,METAL,SILVER,"4.25"" X 4.25""",,
"DOGS / 
CATS",,CAT,METAL,SILVER,"3.5"" X 3.5""",,
"DOGS / 
CATS",,CAT,METAL,SILVER,"3.75"" X 3.5""",,
"DOGS / 
CATS",,DOG,METAL,SILVER,"2.5"" X 3.75""",,
"DOGS / 
CATS",,DOG,METAL,SILVER,"2.5"" X 2.75""",, FRENCH BULL DOG / BOSTON TERRIER
"DOGS / 
CATS",,DOG,METAL,SILVER,"2.75"" X 3.25""",,LABRADOR RETRIEVER
"DOGS / 
CATS",,DOG,METAL,SILVER,"2.5"" X 3.5""",,GREYHOUND
"DOGS / 
CATS",,DOG,METAL,SILVER,"2.5"" X 3.25""",,SCOTTISH TERRIER
"DOGS / 
CATS",,DOG,METAL,SILVER,"2.5"" X 3""",,SCOTTISH TERRIER
"DOGS / 
CATS",,DOG BONE,METAL,SILVER,"1.5"" X 3.5""",,
"DOGS / 
CATS",,DOG BONE,PLASTIC,BROWN,"2"" X 4.25""",,
"DOGS / 
CATS",,DOG FACE,PLASTIC,LIGHT BLUE,"2.75"" X 2.25""",, FRENCH BULL DOG / BOSTON TERRIER
"DOGS / 
CATS",,DOG PAW PRINT,PLASTIC,BLUE,"2.5"" X 2.75""",,
"DOGS / 
CATS",,HELLO KITTY (CAT),METAL,RED,"3"" X 3""",,
"DOGS / 
CATS",,LITTLE KITTY,METAL,PINK,"3.5"" X 2.5""",,
"DOGS / 
CATS",,PAW PRINT,METAL,SILVER,"2.75"" X 3.25""",,
"DOGS / 
CATS",,POODLE,METAL,SILVER,"3"" X 3.5""",,
"DOGS / 
CATS",,POODLE,PLASTIC,WHITE,"2.25"" X 1.75""",,
"FALL / SPRING / 
JULY 4TH",,ACORN,METAL,BROWN,"2"" X 1.25""",,
"FALL / SPRING / 
JULY 4TH",,ACORN,METAL,SILVER,"2.5"" X 1.5""",,
"FALL / SPRING / 
JULY 4TH",,ACORN,METAL,BROWN,"3.5"" X 2.5""",,
"FALL / SPRING / 
JULY 4TH",,"CHANUKAH / HANUKKAH - 
DREIDEL / MENORAH / STAR OF 
DAVID / SHIELD / MACCABEE",PLASTIC,GREEN,"2"" X 2""",,STORED IN ORIGINAL PACKAGING
JULY 4TH",,"CHANUKAH / HANUKKAH - 
DREIDEL / MENORAH / STAR OF 
DAVID / SHIELD / MACCABEE",PLASTIC,PURPLE,"2"" X 2""",,STORED IN ORIGINAL PACKAGING
JULY 4TH",,"CHANUKAH / HANUKKAH - 
DREIDEL / MENORAH / STAR OF 
DAVID / SHIELD / MACCABEE",PLASTIC,ORANGE,"2"" X 2""",,STORED IN ORIGINAL PACKAGING
JULY 4TH",,"CHANUKAH / HANUKKAH - 
DREIDEL / MENORAH / STAR OF 
DAVID / SHIELD / MACCABEE",PLASTIC,YELLOW,"2"" X 2""",,STORED IN ORIGINAL PACKAGING
JULY 4TH",,"CHANUKAH / HANUKKAH - 
DREIDEL / MENORAH / STAR OF 
DAVID / SHIELD / MACCABEE",PLASTIC,BLUE,"2"" X 2""",,STORED IN ORIGINAL PACKAGING
"FALL / SPRING / 
JULY 4TH",,FIRECRACKER,PLASTIC,LIGHT BLUE,"4.5"" X 2""",,
"FALL / SPRING / 
JULY 4TH",,FIREWORK W/ STAR,METAL,SILVER,"4"" X 2""",,
"FALL / SPRING / 
JULY 4TH",,FLAG (2),METAL,SILVER,"4.25"" X 3.75""",,
"FALL / SPRING / 
JULY 4TH",,FLAG,METAL,SILVER,"4.5"" X 4""",,
"FALL / SPRING / 
JULY 4TH",,FLOWER BASKET,METAL,SILVER,"3"" X 3""",,
"FALL / SPRING / 
JULY 4TH",,FLOWER BLOSSOM,PLASTIC,LIGHT GREEN,"3.5"" X 3.5""",,
"FALL / SPRING / 
JULY 4TH",,FLOWER BLOSSOM,METAL,SILVER,"2.25"" X 2.25""",,
"FALL / SPRING / 
JULY 4TH",,GARDEN GNOME,METAL,SILVER,"4.25"" X 2.75""",,
"FALL / SPRING / 
JULY 4TH",,LEAF,PLASTIC,LIGHT GREEN,"4"" X 2""",,
"FALL / SPRING / 
JULY 4TH",,LEAF,METAL,SILVER,"4"" X 2.5""",,
"FALL / SPRING / 
JULY 4TH",,MAPLE LEAF,METAL,RED,"3.25"" X 3.25""",,
"FALL / SPRING / 
JULY 4TH",,MAPLE LEAF,METAL,YELLOW,"1.5"" X 1.5""",,
"FALL / SPRING / 
JULY 4TH",,MAPLE LEAF,METAL,SILVER,"3"" X 3.5""",,
"FALL / SPRING / 
JULY 4TH",,PINE TREE,METAL,SILVER,"3.5"" X 2.5""",,
"FALL / SPRING / 
JULY 4TH",,PUMPKIN,METAL,ORANGE,"2.25"" X 2.5""",,
"FALL / SPRING / 
JULY 4TH",,PUMPKIN,METAL,ORANGE,"4"" X 4""",,
"FALL / SPRING / 
JULY 4TH",,PUMPKIN (2),METAL,SILVER,"3"" X 2.5""",,
"FALL / SPRING / 
JULY 4TH",,"TREE LEAF /  HOLLY LEAF / 
PUMPKIN / APPLE",METAL,SILVER,"1"" X 1.5""
APPROX.",,STORED IN DECORATIVE CUTTERS METAL CONTAINER
"FALL / SPRING / 
JULY 4TH",,"TREE LEAF / CIRCLE WITH CRIMPED 
EDGES / SQUARE WITH CRIMPED 
EDGES /PUMPKIN / APPLE",METAL,SILVER,"1"" X 1.5""
APPROX.",,STORED IN ZIPLOC BAG FOR PIE CRUST CUTTER SET
"FALL / SPRING / 
JULY 4TH",,TREE WITH LEAVES,METAL,SILVER,"3.75"" X 2.75""",,
"FALL / SPRING / 
JULY 4TH",,TULIP,METAL,SILVER,"3.25"" X 2""",,
"FARM AND 
FOREST 
ANIMALS",,BEAR,METAL,SILVER,"3.5"" X 5.5""",,
"FARM AND 
FOREST 
ANIMALS",,BEAR,METAL,BLACK,"2.75"" X 3.5""",,
"FARM AND 
FOREST 
ANIMALS",,BEAR,METAL,LIGHT GREY,"2.5"" X 4""",,
"FARM AND 
FOREST 
ANIMALS",,BEAR,METAL,SILVER,"4"" X 3.5""",,
"FARM AND 
FOREST 
ANIMALS",,BEAR,METAL,SILVER,"4"" X 3.5""",,
"FARM AND 
FOREST 
ANIMALS",,BEAR,PLASTIC,BROWN,"4"" X 4.25""",,
"FARM AND 
FOREST 
ANIMALS",,BEAR,METAL,SILVER,"3.25"" X 3.5""",,
"FARM AND 
FOREST 
ANIMALS",,BEAR,METAL,SILVER,"2.75"" X 2.25""",,
"FARM AND 
FOREST 
ANIMALS",,BEAR,METAL,COPPER,"3.25"" X 3.5""",,
"FARM AND 
FOREST 
ANIMALS",,BEAR,METAL,SILVER,"2.75"" X 3.5""",,
"FARM AND 
FOREST 
ANIMALS",,BUNNY RABBIT,METAL,SILVER,"1.75"" X 3.25""",,
"FARM AND 
FOREST 
ANIMALS",,BUNNY RABBIT,METAL,SILVER,"4.25"" X 2.25""",,
"FARM AND 
FOREST 
ANIMALS",,BUNNY RABBIT,METAL,SILVER,"3.25"" X 1.75""",,
"FARM AND 
FOREST 
ANIMALS",,BUNNY RABBIT,METAL,SILVER,"2.5"" X 2.5""",,
"FARM AND 
FOREST 
ANIMALS",,BUNNY RABBIT,METAL,SILVER,"3.5"" X 2.25""",,
"FARM AND 
FOREST 
ANIMALS",,BUNNY RABBIT,METAL,SILVER,"3"" X 4.25""",,
"FARM AND 
FOREST 
ANIMALS",,BUNNY RABBIT FACE (2),METAL,SILVER,"4"" X 2.75""",,
"FARM AND 
FOREST 
ANIMALS",,BUNNY RABBIT FACE,METAL,SILVER,"4"" X 3.25""",,
"FARM AND 
FOREST 
ANIMALS",,COW,METAL,SILVER,"3.75"" X 3.25""",,
"FARM AND 
FOREST 
ANIMALS",,COW,METAL,SILVER,"3.25"" X 3""",,
"FARM AND 
FOREST 
ANIMALS",,COW,METAL,SILVER,"2.5"" X 3.5""",,
"FARM AND 
FOREST 
ANIMALS",,COW,METAL,SILVER,"4.25"" X 4.25""",,
"FARM AND 
FOREST 
ANIMALS",,COW,METAL,SILVER,"2.75"" X 4.25""",,
"FARM AND 
FOREST 
ANIMALS",,DONKEY,METAL,SILVER,"4"" X 4""",,
"FARM AND 
FOREST 
ANIMALS",,FOX FACE / RACCOON FACE (2),METAL,SILVER,"2.5"" X 4.25""",,
"FARM AND 
FOREST 
ANIMALS",,GOAT,METAL,SILVER,"3"" X 3""",,
"FARM AND 
FOREST 
ANIMALS",,HORSE,METAL,SILVER,"4"" X 3""",,
"FARM AND 
FOREST 
ANIMALS",,HORSE,METAL,SILVER,"3.5"" X 3.5""",,
"FARM AND 
FOREST 
ANIMALS",,HORSE,METAL,SILVER,"3"" X 3.75""",,
"FARM AND 
FOREST 
ANIMALS",,HORSE,METAL,SILVER,"3"" X 3.25""",,
"FARM AND 
FOREST 
ANIMALS",,MOOSE,METAL,SILVER,"4.25"" X 4""",,
"FARM AND 
FOREST 
ANIMALS",,MOOSE HEAD WITH ANTLERS,METAL,SILVER,"2.75"" X 4.5""",,
"FARM AND 
FOREST 
ANIMALS",,PIG,METAL,SILVER,"2.25"" X 3.25""",,
"FARM AND 
FOREST 
ANIMALS",,PIG,METAL,SILVER,"2.25"" X 3.75""",,
"FARM AND 
FOREST 
ANIMALS",,PIG FACE,METAL,SILVER,"2.75"" X 3.75""",,
"FARM AND 
FOREST 
ANIMALS",,POLAR BEAR,METAL,SILVER,"4"" X 5.75""",,
"FARM AND 
FOREST 
ANIMALS",,RACCOON FACE / FOX FACE (2),METAL,SILVER,"2.5"" X 4.25""",,
"FARM AND 
FOREST 
ANIMALS",,SHEEP,METAL,SILVER,"2.5"" X 3""",,
"FARM AND 
FOREST 
ANIMALS",,SHEEP,METAL,SILVER,"2.5"" X 3""",,
"FARM AND 
FOREST 
ANIMALS",,SHEEP,METAL,SILVER,"2.25"" X 2""",,
"FARM AND 
FOREST 
ANIMALS",,SKUNK,PLASTIC,BLACK,"3.75"" X 3.75""",,
"FARM AND 
FOREST 
ANIMALS",,SLOTH,METAL,SILVER,"3.25"" X 3.75""",,
"FARM AND 
FOREST 
ANIMALS",,SQUIRREL,PLASTIC,GREEN,"3.25"" X 3.75""",,
"FARM AND 
FOREST 
ANIMALS",,SQUIRREL,METAL,SILVER,"3"" X 3.75""",,
"FARM AND 
FOREST 
ANIMALS",,SQUIRREL / CHIPMUNK,METAL,SILVER,"3.25"" X 2.25""",,
"FISH / 
REPTILES",,STARFISH,PLASTIC,LIGHT GREEN,"3.5"" X 3.5""",,
"FISH / 
REPTILES",,TROPICAL FISH,METAL,SILVER,"4"" X 4""",,
"FISH / 
REPTILES /
WHALES /
SHARKS",,WHALE TAIL,METAL,SILVER,"2.5"" X 4.5""",,
"FISH / 
REPTILES /
WHALES / 
SHARKS",,ALLIGATOR,METAL,SILVER,"2.5"" X 4.75""",,
"FISH / 
REPTILES /
WHALES / 
SHARKS",,BABY TURTLE,PLASTIC,WHITE,"2"" X 3.5""",,
"FISH / 
REPTILES /
WHALES / 
SHARKS",,CLAM SHELL,METAL,SILVER,"2.5"" X 2.75""",,
"FISH / 
REPTILES /
WHALES / 
SHARKS",,CLAM SHELL (2),METAL,SILVER,"3.25"" X 3.25""",,
"FISH / 
REPTILES /
WHALES / 
SHARKS",,FISH,METAL,SILVER,"2.25"" X 3.25""",,
"FISH / 
REPTILES /
WHALES / 
SHARKS",,FISH,PLASTIC,WHITE,"2.25"" X 2.75""",,
"FISH / 
REPTILES /
WHALES / 
SHARKS",,FISH,METAL,SILVER,"2.75"" X 4.25""",,
"FISH / 
REPTILES /
WHALES / 
SHARKS",,FISH,PLASTIC,BLUE,"3.25"" X 3.75""",,
"FISH / 
REPTILES /
WHALES / 
SHARKS",,FISH,PLASTIC,PINKISH PURPLE,"2.25"" X 3.75""",,
"FISH / 
REPTILES /
WHALES / 
SHARKS",,FISH,PLASTIC,GOLD,"2.75"" X 3.25""",,
"FISH / 
REPTILES /
WHALES / 
SHARKS",,FISH (LEAPING),PLASTIC,GREEN,"4"" X 3.25""",,
"FISH / 
REPTILES /
WHALES / 
SHARKS",,FISH,PLASTIC,GREEN,"3"" X 4.25""",,
"FISH / 
REPTILES /
WHALES / 
SHARKS",,FISH (BASS JUMPING),PLASTIC,GREEN,"4"" X 4.25""",,
"FISH / 
REPTILES /
WHALES / 
SHARKS",,FISH (TROUT),PLASTIC,GREEN,"1.5"" X 4.5""",,
"FISH / 
REPTILES /
WHALES / 
SHARKS",,FROG,METAL,SILVER,"3.75"" X 3.75""",,
"FISH / 
REPTILES /
WHALES / 
SHARKS",,GOLDFISH,METAL,SILVER,"2"" X 3.25""",,
"FISH / 
REPTILES /
WHALES / 
SHARKS",,LIZARD,METAL,SILVER,"2.5"" X 6.25""",,
"FISH / 
REPTILES /
WHALES / 
SHARKS",,OCTOPUS,PLASTIC,WHITE,"2.75"" X 3.25""",,
"FISH / 
REPTILES /
WHALES / 
SHARKS",,OCTOPUS,METAL,SILVER,"2.75"" X 3.5""",,
"FISH / 
REPTILES /
WHALES / 
SHARKS",,PENGUIN,METAL,SILVER,"3.5"" X 3""",,
"FISH / 
REPTILES /
WHALES / 
SHARKS",,PORPOISE,PLASTIC,WHITE,"3"" X 3.5""",,
"FISH / 
REPTILES /
WHALES / 
SHARKS",,SALAMANDER,METAL,SILVER,"1.75"" X 4.25""",,
"FISH / 
REPTILES /
WHALES / 
SHARKS",,SEAHIORSE,METAL,SILVER,"3.25"" X 1.5""",,
"FISH / 
REPTILES /
WHALES / 
SHARKS",,SEAHIORSE,PLASTIC,WHITE,"3.25"" X 1.5""",,
"FISH / 
REPTILES /
WHALES / 
SHARKS",,SEAL,METAL,SILVER,"2.5"" X 3.5""",,
"FISH / 
REPTILES /
WHALES / 
SHARKS",,SHARK,METAL,SILVER,"2.5"" X 4.25""",,
"FISH / 
REPTILES /
WHALES / 
SHARKS",,SHARK,METAL,SILVER,"1.5"" X 3.5""",,
"FISH / 
REPTILES /
WHALES / 
SHARKS",,SHARK,METAL,SILVER,"2.5"" X 6.25""",,
"FISH / 
REPTILES /
WHALES / 
SHARKS",,SHARK,METAL,SILVER,"2"" X 5.5""",,
"FISH / 
REPTILES /
WHALES / 
SHARKS",,SHARK (BABY),METAL,SILVER,"3"" X 3.5""",,
"FISH / 
REPTILES /
WHALES / 
SHARKS",,SHARK,PLASTIC,BLUE,"4.25"" X 3.25""",,
"FISH / 
REPTILES /
WHALES / 
SHARKS",,SHARK FIN,METAL,SILVER,"3"" X 3.25""",,
"FISH / 
REPTILES /
WHALES / 
SHARKS",,STARFISH,METAL,SILVER,"3.5"" X 4""",,
"FISH / 
REPTILES /
WHALES / 
SHARKS",,STARFISH,METAL,SILVER,"3"" X 3.25""",,
"FISH / 
REPTILES /
WHALES / 
SHARKS",,WHALE,METAL,SILVER,"2.25"" X 4""",,
"FISH / 
REPTILES /
WHALES / 
SHARKS",,WHALE,PLASTIC,WHITE,"2.25"" X 4""",,
"FISH / 
REPTILES /
WHALES / 
SHARKS",,WHALE TAIL,METAL,SILVER,"2"" X 3.25""",,
"FLOWERS /
PLANTS",,CACTUS,METAL,SILVER,"4.25"" X 3.75""
",,
"FLOWERS /
PLANTS",,CACTUS,METAL,SILVER,"3.5"" X 3.25""
",,
"FLOWERS /
PLANTS",,CACTUS,METAL,SILVER,"3.75"" X 2.75""",,
"FLOWERS /
PLANTS",,FLOWER,METAL,SILVER,"2.5"" X 2.5""
",,
"FLOWERS /
PLANTS",,FLOWER,METAL,YELLOW,"3.25"" X 3.25""
",,
"FLOWERS /
PLANTS",,FLOWER,METAL,SILVER,"3.25"" X 3""
",,
"FLOWERS /
PLANTS",,FLOWER,METAL,SILVER,"3.75"" X 3.75""
",,
"FLOWERS /
PLANTS",,FLOWER,METAL,SILVER,"3.5"" X 3.5""
",,
"FLOWERS /
PLANTS",,FLOWER,METAL,SILVER,"3.5"" X 4""
",,
"FLOWERS /
PLANTS",,FLOWER,METAL,SILVER,"3.25"" X 3.5""
",,
"FLOWERS /
PLANTS",,FLOWER,METAL,SILVER,"2.25"" X 2.25""
",,
"FLOWERS /
PLANTS",,FLOWER,METAL,SILVER,"2.5"" X 2.75""
",,
"FLOWERS /
PLANTS",,FLOWER,METAL,SILVER,"3.75"" X 2.5""
",,TULIP
"FLOWERS /
PLANTS",,FLOWER,METAL,SILVER,"3.75"" X 3.75""
",,
"FLOWERS /
PLANTS",,FLOWER,METAL,SILVER,"3.25"" X 3.25""
",,
"FLOWERS /
PLANTS",,FLOWER,METAL,PINK,"3.5"" X 2.5""",,TULIP
"FLOWERS /
PLANTS",,FLOWER,METAL,SILVER,"3.25"" X 3.5""",,
"FLOWERS /
PLANTS",,FLOWER,METAL,YELLOW,"3"" X 3""",,
"FLOWERS /
PLANTS",,FLOWER (2),METAL,SILVER,"3.5"" X 3.5""
",,
"FLOWERS /
PLANTS",,HOLLY LEAF / FEATHER,METAL,SILVER,"3.5"" X 2.25""",,
"FLOWERS /
PLANTS",,LEAF,METAL,BROWN,"3.5"" X 2.25""",,
"FLOWERS /
PLANTS",,POTTED CACTUS,METAL,SILVER,"4"" X 2.75""
",,
"FLOWERS /
PLANTS",,ROSE FLOWER,METAL,SILVER,"2.75"" X 4.25""",,
"FLOWERS /
PLANTS",,TROPICAL LEAF,METAL,SILVER,"3.5"" X 3.5""",,
"FLOWERS /
PLANTS",,TROPICAL PALM TREE,METAL,SILVER,"4.25"" X 3.5""",,
FOOD,,3 TIERED CAKE,METAL,SILVER,"4"" X 3.5""",,
FOOD,,3 TIERED CAKE,METAL,SILVER,"4"" X 3.25""",,
FOOD,,3 TIERED CAKE,METAL,LIGHT GREEN,"4"" X 3.25""",,
FOOD,,APPLE,METAL,SILVER,"3.5"" X 2.75""",,
FOOD,,APPLE,PLASTIC,LIGHT GREEN,"3"" X 3.5""",,
FOOD,,BABY BOTTLE,METAL,SILVER,"3.5"" X 2""",,
FOOD,,BABY BOTTLE,METAL,SILVER,"4.25"" X 2.25""",,
FOOD,,BEER MUG,METAL,SILVER,"4.25"" X 3.5""",,
FOOD,,COFFEE MUG,PLASTIC,PURPLE,"4"" X 4""",,
FOOD,,CHAMPAGNE BOTTLE,METAL,SILVER,"3.25"" X 1.75""",,
FOOD,,CHERRIES,METAL,SILVER,"4"" X 3.75""",,
FOOD,,CUPCAKE,METAL,YELLOW,"3.25"" X 3.5""",,
FOOD,,EGG,METAL,SILVER,"4"" X 3""",,
FOOD,,EGG,METAL,SILVER,"2.5"" X 1.75""",,
FOOD,,EGG,METAL,COPPER,"3"" X 2.5""",,
FOOD,,EGG,METAL,COPPER,"4"" X 3.25""",,
FOOD,,FROTHY HOT CHOCOLATE /  LATTE,PLASTIC,LIGHT GREEN,"3.5"" X 3.5""",,
FOOD,,GRILL,METAL,SILVER,"4"" X 2.5""",,
FOOD,,HOT DOG ON BUN,METAL,SILVER,"2.5"" X 4""",,
FOOD,,ICE CREAM CONE,METAL,SILVER,"4"" X 3""",,
FOOD,,ICE CREAM CONE (2),METAL,SILVER,"4.25"" X 3.5""",,
FOOD,,LATTE,METAL,SILVER,"4"" X 3""",,
FOOD,,MASON JAR,METAL,SILVER,"3"" X 2""",,
FOOD,,MASON JAR,METAL,SILVER,"4.5"" X 2.75""",,
FOOD,,MASON JAR,METAL,SILVER,"4.5"" X 3""",,
FOOD,,PEACH,METAL,SILVER,"3.5"" X 2.5""",,
FOOD,,PIE SLICE,METAL,SILVER,"4"" X 3""",,
FOOD,,PIE SLICE - 4 IN 1 CUTTER,PLASTIC,LIGHT GREEN," EACH 2.5"" X 2""",,
FOOD,,PUMPKIN,METAL,SILVER,"3"" X 3.25""",,
FOOD,,SLICE OF BREAD / TOAST,METAL,SILVER,"3.75"" X 3.5""",,
FOOD,,SLICE OF BREAD / TOAST,PLASTIC,CLEAR,"2.5"" X 3""",,
FOOD,,SLICE OF BREAD / TOAST,PLASTIC,LIGHT GREEN,"5.5"" X 4.5""",,
FOOD,,SPOON,METAL,SILVER,"5"" X 1""",,
FOOD,,TACO SHELL,METAL,SILVER,"2"" X 3.5""",,
FOOD,,TEA CUP,METAL,SILVER,"2.5"" X 3.5""",,
FOOD,,TEA CUP,METAL,BLUE,"2.25"" X 3.5""",,
FOOD,,TEABAG TAG,PLASTIC,WHITE,"3.25"" X 1.75""",,
FOOD,,TEAPOT,METAL,SILVER,"3.25"" X 4""",,
FOOD,,TEAPOT,METAL,PURPLE,"3"" X 4""",,
FOOD,,WINE BOTTLE,METAL,SILVER,"4.5"" X 1.75""",,
HALLOWEEN,,BAT,METAL,SILVER,"2"" X 3.5""",,
HALLOWEEN,,BAT,METAL,BLACK,"2"" X 4""",,
HALLOWEEN,,BAT,METAL,BLACK,"2.5"" X 3""",,
HALLOWEEN,,CAT,METAL,SILVER,"2.5"" X 3""",,
HALLOWEEN,,CAULDRON / POT OF GOLD,METAL,SILVER,"3.25"" X 3.5""",,
HALLOWEEN,,COFFIN,METAL,PURPLE,"3.5"" X 2""",,
HALLOWEEN,,DEATH MASK (4),PLASTIC,PINK,"3.5"" X 2.5""",,"Four pack of Blue, Green, Pink, Purple"
HALLOWEEN,,DEATH MASK (4),PLASTIC,PURPLE,"3.5"" X 2.5""",,
HALLOWEEN,,DEATH MASK (4),PLASTIC,GREEN,"3.5"" X 2.5""",,
HALLOWEEN,,DEATH MASK (4),PLASTIC,BLUE,"3.5"" X 2.5""",,
HALLOWEEN,,DRACULA TEETH,METAL,RED,"2.5"" X 3.25""",,
HALLOWEEN,,GHOST,METAL,WHITE,"4"" X 4""",,
HALLOWEEN,,GHOST,METAL,SILVER,"3.25"" X 2.75""",,
HALLOWEEN,,HOCUS POCUS - BLACK CAT,PLASTIC,BLACK,"3.5"" X 3.75""",,
HALLOWEEN,,HOCUS POCUS - BLACK SISTER,PLASTIC,BLACK,"3.75"" X 3""",,
HALLOWEEN,,HOCUS POCUS - CANDLE,PLASTIC,WHITE,"3.75"" X 1.25""",,
HALLOWEEN,,HOCUS POCUS - CAULDRON,PLASTIC,BLACK,"3.5"" X 3.5""",,
HALLOWEEN,,HOCUS POCUS - OPEN BOOK,PLASTIC,BLACK,"3"" X 4.25""",,
HALLOWEEN,,HOCUS POCUS - RED SISTER,PLASTIC,RED,"3"" X 3.5""",,
HALLOWEEN,,HOCUS POCUS - YELLOW SISTER,PLASTIC,YELLOW,"3.75"" X 3.25""",,
HALLOWEEN,,MOON,METAL,SILVER,"3.25"" X 1.75""",,
HALLOWEEN,,OWL,METAL,SILVER,"2"" X 3.5""",,
HALLOWEEN,,SKULL AND CROSSBONES,METAL,SILVER,"1.75"" X 2.5""",,
HALLOWEEN,,SKULL AND CROSSBONES,METAL,SILVER,"3.25"" X 3.25""",,
HALLOWEEN,,WITCH'S HAT,METAL,SILVER,"3.5"" X 3.75""",,
HALLOWEEN,,FLYIKNG WITCH ON BROOM,METAL,SILVER,"3"" X 3.5""",,
HALLOWEEN,,SPIDER,METAL,SILVER,"3"" X 3.25""",,
HALLOWEEN,,CAULDRON,METAL,SILVER,"2.5"" X 2.5""",,
HALLOWEEN,,WRAPPED CANDY,METAL,SILVER,"1.5"" X 3""",,
LETTERS,,ALPHABET LETTERS - FULL SET,METAL,SILVER,"3"" X 2.5""
APPROX.",,
LETTERS,,ALPHABET LETTERS - FULL SET,METAL,SILVER,"1"" X .75""
APPROX.",,STORED IN CAKE BOSS METAL CONTAINER
LETTERS,,ALPHABET LETTERS - INCOMPLETE SET,PLASTIC,PINK,"2.5"" X 2""
APPROX.",,
NUMBERS,,NUMBERS WITH WORDS (ONE THRU TEN),PLASTIC,BLACK,"4.25"" X 4.25""
APPROX.",,
NUMBERS,,NUMBER FOUR & EIGHT,PLASTIC,LIGHT ORANGE,"3.25"" X 2.5""",,
NUMBERS,,NUMBER ONE,METAL,SILVER,"4.5"" X 2.5""",,
NUMBERS,,"NUMBER ONE, THREE, FIVE & SEVEN",PLASTIC,LIGHT GREEN,"3.25"" X 2.5""",,
NUMBERS,,NUMBER THREE,PLASTIC,RED,"4.25"" X 3.25""",,
NUMBERS,,NUMBER THREE,PLASTIC,YELLOW,"5"" X 4""",,
NUMBERS,,NUMBER TWO,METAL,SILVER,"4.5"" X 2.5""",,
NUMBERS,,NUMBER ZERO,PLASTIC,LIGHT ORANGE,"3.25"" X 2.5""",,
NUMBERS,,NUMBERS - FULL SET,METAL,SILVER,"1.25"" X .75""
APPROX.",,STORED IN CAKE BOSS METAL CONTAINER
NUMBERS,,NUMBERS SET,METAL,SILVER,"3.25"" X 2""",,MISSING SOME NUMBERS
NUMBERS,,NUMBERS SET,METAL,SILVER,"2.5"" X 1.75""",,MISSING SOME NUMBERS
NUMBERS,,PI,METAL,SILVER,"2.25"" X 3.25""",,
NUMBERS,,PI,METAL,"SILVER W/ LIGHT 
GREEN TOP EDGE","3.75"" X 4.5""",,
SAFARI ANIMALS,,CAMEL,METAL,SILVER,"2.5"" X 3.25""",,
SAFARI ANIMALS,,CAMEL,METAL,SILVER,"3.5"" X 3.25""",,
SAFARI ANIMALS,,ELEPHANT,METAL,SILVER,"3.5"" X 5""",,
SAFARI ANIMALS,,ELEPHANT,PLASTIC,GREEN,"3"" X 3.75""",,
SAFARI ANIMALS,,ELEPHANT,METAL,SILVER,"2.5"" X 4.25""",,
SAFARI ANIMALS,,ELEPHANT,METAL,SILVER,"3"" X 5""",,
SAFARI ANIMALS,,ELEPHANT,METAL,SILVER,"4.75"" X 4.25""",,
SAFARI ANIMALS,,ELEPHANT,METAL,SILVER,"3"" X 5.25""",,
SAFARI ANIMALS,,GIRAFFE,METAL,SILVER,"4.75"" X 3.5""",,
SAFARI ANIMALS,,GIRAFFE,METAL,SILVER,"4"" X 4""",,
SAFARI ANIMALS,,GIRAFFE,METAL,SILVER,"4"" X 4.5""",,
SAFARI ANIMALS,,GIRAFFE,METAL,SILVER,"3.75"" X 2.75""",,
SAFARI ANIMALS,,GIRAFFE,METAL,SILVER,"2.5"" X 1.75""",,
SAFARI ANIMALS,,HIPPO,METAL,SILVER,"2.5"" X 4.25""",,
SAFARI ANIMALS,,KANGAROO,METAL,SILVER,"2.5"" X 3.5""",,
SAFARI ANIMALS,,LION,METAL,SILVER,"2.5"" X 4.5""",,
SAFARI ANIMALS,,LION,METAL,SILVER,"2.5"" X 4.5""",,
SAFARI ANIMALS,,LION,METAL,SILVER,"4.25"" X 4.25""",,
SAFARI ANIMALS,,LION,METAL,ORANGE,"3.25"" X 3.25""",,
SAFARI ANIMALS,,LLAMA,METAL,SILVER,"3.5"" X 2.5""",,
SAFARI ANIMALS,,LLAMA,METAL,SILVER,"4"" X 3.25""",,
SAFARI ANIMALS,,LLAMA,METAL,SILVER,"4.5"" X 3""",,
SAFARI ANIMALS,,MONKEY,METAL,SILVER,"5"" X 2.5""",,
SAFARI ANIMALS,,MONKEY,METAL,BROWN,"2.25"" X 4""",,
SAFARI ANIMALS,,TIGER,METAL,SILVER,"3.5"" X 5""",,
"SHAPES / 
STATES",,BARN,METAL,SILVER,"3"" X 2.75""",,
"SHAPES / 
STATES",,BARN,METAL,SILVER,"3.25"" X 3.5""",,
"SHAPES / 
STATES",,CALIFORNIA STATE OUTLINE,METAL,SILVER,"4"" X 4""",,
"SHAPES / 
STATES",,CAMPFIRE,METAL,BROWN,"3.25"" X 3""",,
"SHAPES / 
STATES",,CLOUD,PLASTIC,WHITE,"1.5"" X 2.75""",,
"SHAPES / 
STATES",,CLOUD,PLASTIC,WHITE,"1.25"" X 2.25""",,
"SHAPES / 
STATES",,CLOUD,METAL,SILVER,"3"" X 4""
",,
"SHAPES / 
STATES",,"DECK OF CARD SHAPES - TRUMP, 
SPADE, DIAMOND & HEART",METAL,SILVER,"EACH
2.5"" X 2.5""
APPROX.",,
"SHAPES / 
STATES",,DIAMOND / GEMSTONE,PLASTIC,YELLOW,"5.25"" X 3.75""
",,
"SHAPES / 
STATES",,DIAMOND / GEMSTONE,METAL,PURPLE,"2.5"" X 2.5""
",,
"SHAPES / 
STATES",,DIAMOND / GEMSTONE,PLASTIC,LIGHT GREEN,"2.25"" X 1.5""
",,
"SHAPES / 
STATES",,FLEUR DE LIS,METAL,SILVER,"4.75"" X 4.25""
",,
"SHAPES / 
STATES",,FLEUR DE LIS,METAL,SILVER,"3.25"" X 2.5""
",,
"SHAPES / 
STATES",,GUN,METAL,SILVER,"3"" X 4.5""",,
"SHAPES / 
STATES",,HEART,METAL,SILVER,"3.25"" X 3.25""",,
"SHAPES / 
STATES",,LIGHTNING BOLT,METAL,SILVER,"2.25"" X 4.25""
",,
"SHAPES / 
STATES",,MINECRAFT HEART,METAL,"SILVER W/ RED
TOP EDGE","3.5"" X 4""",,
"SHAPES / 
STATES",,MOON,METAL,SILVER,"2.75"" X 1.75""
",,
"SHAPES / 
STATES",,MUSICAL NOTE,METAL,SILVER,"3.5"" X 2""",,
"SHAPES / 
STATES",,PENCIL,METAL,SILVER,"4"" X 1.75""",,
"SHAPES / 
STATES",,PENNSYLVANIA STATE KEYSTONE,METAL,SILVER,"3"" X 3""",,
"SHAPES / 
STATES",,PENNSYLVANIA STATE OUTLINE (2),METAL,SILVER,"2"" X 3.5""",,
"SHAPES / 
STATES",,SCISSORS (2),METAL,SILVER,"4.25"" X 3""",,
"SHAPES / 
STATES",,STAR,METAL,SILVER,"2.75"" X 2.75""
",,
"SHAPES / 
STATES",,SYRINGE / HYPODERMIC NEEDLE,METAL,SILVER,"4.5"" X 2""",,
"SHAPES / 
STATES",,TELEPHONE,PLASTIC,RED,"3"" X 4""",,
"SHAPES / 
STATES",,TELEPHONE HANDSET,PLASTIC,RED,"1.5"" X 3""",,
"SHAPES / 
STATES",,TURD,METAL,"SILVER W/ 
BROWN
TOP EDGE","4.5"" X 4""",,
"SHAPES / 
STATES",,WEST VIRGINIA UNIVERSITY (WVU),PLASTIC,RED,"4.25"" X 4.25""",,
"SHAPES / 
STATES",,WEST VIRGINIA UNIVERSITY (WVU),PLASTIC,GREEN,"3"" X 3""",,
"SHAPES / 
STATES",,WEST VIRGINIA UNIVERSITY (WVU),PLASTIC,YELLOW,"2.75"" X 3""",,PIC SHOWS IMPRINT SIDE OF COOKIE CUTTER
"SHAPES FOR
AWARDS &
RECOGNITIONS",,CHEVRON,METAL,SILVER,"1.5"" X 5.5""
",,
"SHAPES FOR
AWARDS &
RECOGNITIONS",,CIRCLE,METAL,SILVER,"2.5"" X 2.5""
",,
"SHAPES FOR
AWARDS &
RECOGNITIONS",,CIRCLE,METAL,SILVER,"3.25"" X 3.25""
",,SCALLOPED EDGES
"SHAPES FOR
AWARDS &
RECOGNITIONS",,CIRCLE,METAL,SILVER,"2.5"" X 2.5""
",,SCALLOPED EDGES
"SHAPES FOR
AWARDS &
RECOGNITIONS",,CIRCLE,PLASTIC,GREEN,"2.75"" X 2.75""
",,
"SHAPES FOR
AWARDS &
RECOGNITIONS",,CIRCLE,PLASTIC,BLUE,"2.25"" X 2.25""
",,SCALLOPED EDGES
"SHAPES FOR
AWARDS &
RECOGNITIONS",,CIRCLE,PLASTIC,BLUE,"1.75"" X 1.75""
",,
"SHAPES FOR
AWARDS &
RECOGNITIONS",,OVAL,PLASTIC,LIGHT GREEN,"2.75"" X 3.75""
",,
"SHAPES FOR
AWARDS &
RECOGNITIONS",,PLAQUE,METAL,SILVER,"3.75"" X 4.5""
",,
"SHAPES FOR
AWARDS &
RECOGNITIONS",,PLAQUE,METAL,SILVER,"2"" X 3""
",,
"SHAPES FOR
AWARDS &
RECOGNITIONS",,PLAQUE,METAL,SILVER,"3.75"" X 4""
",,
"SHAPES FOR
AWARDS &
RECOGNITIONS",,PLAQUE,METAL,SILVER,"4.5"" X 4.75""
",,
"SHAPES FOR
AWARDS &
RECOGNITIONS",,PLAQUE,METAL,SILVER,"3.75"" X 4.5""
",,
"SHAPES FOR
AWARDS &
RECOGNITIONS",,PLAQUE,METAL,SILVER,"2.25"" X 3""
",,
"SHAPES FOR
AWARDS &
RECOGNITIONS",,PLAQUE,METAL,SILVER,"2.5"" X 3.5""
",,
"SHAPES FOR
AWARDS &
RECOGNITIONS",,PLAQUE,METAL,SILVER,"4.25"" X 4.25""
",,
"SHAPES FOR
AWARDS &
RECOGNITIONS",,PLAQUE,METAL,SILVER,"2.5"" X 4.25""
",,
"SHAPES FOR
AWARDS &
RECOGNITIONS",,PLAQUE,METAL,SILVER,"3.5"" X 4.25""
",,
"SHAPES FOR
AWARDS &
RECOGNITIONS",,PLAQUE,METAL,SILVER,"2.5"" X 3.25""
",,
"SHAPES FOR
AWARDS &
RECOGNITIONS",,PLAQUE,METAL,SILVER,"3.5"" X 3.5""
",,
"SHAPES FOR
AWARDS &
RECOGNITIONS",,PLAQUE,METAL,SILVER,"3.5"" X 3.5""
",,SQUARE WITH STRAIGHT EDGES
"SHAPES FOR
AWARDS &
RECOGNITIONS",,PLAQUE,METAL,SILVER,"2.75"" X 2.75""
",,SQUARE WITH SCALLOPED EDGES
"SHAPES FOR
AWARDS &
RECOGNITIONS",,PLAQUE,METAL,SILVER,"3.25"" X 3.5""
",,
"SHAPES FOR
AWARDS &
RECOGNITIONS",,PLAQUE,METAL,SILVER,"3.25"" X 3.5""
",,
"SHAPES FOR
AWARDS &
RECOGNITIONS",,PLAQUE,METAL,SILVER,"3.75"" X 4""
",,
"SHAPES FOR
AWARDS &
RECOGNITIONS",,PLAQUE,METAL,SILVER,"2.75"" X 4""
",,
"SHAPES FOR
AWARDS &
RECOGNITIONS",,PLAQUE,METAL,SILVER,"2.25"" X 4""
",,
"SHAPES FOR
AWARDS &
RECOGNITIONS",,PLAQUE,METAL,SILVER,"2.5"" X 3""
",,
"SHAPES FOR
AWARDS &
RECOGNITIONS",,PLAQUE,METAL,SILVER,"3.5"" X 4.5""
",,
"SHAPES FOR
AWARDS &
RECOGNITIONS",,POLICE SHIELD / BADGE,METAL,SILVER,"4.25"" X 3.75""",,
"SHAPES FOR
AWARDS &
RECOGNITIONS",,RECTANGLE,METAL,SILVER,"3.75"" X 4.25""
",,
"SHAPES FOR
AWARDS &
RECOGNITIONS",,RECTANGLE (2),METAL,SILVER,"3.5"" X 4""
",,
"SHAPES FOR
AWARDS &
RECOGNITIONS",,STAR,METAL,SILVER,"2.75"" X 2.75""
",,
"SHAPES FOR
AWARDS &
RECOGNITIONS",,STRETCHED OVAL,METAL,SILVER,"2.25"" X 3.75""
",,CAN ALSO BE USED FOR PILL OR MEDICINE
"SHAPES FOR
AWARDS &
RECOGNITIONS",,TAG,METAL,SILVER,"4.75"" X 2.75""
",,
"SPECIAL
OCCASIONS",,BABY,METAL,SILVER,"4.5"" X 3.25""",,
"SPECIAL
OCCASIONS",,BABY WRITTEN IN SCRIPT,PLASTIC,WHITE,"4"" X 4.75""",,
"SPECIAL
OCCASIONS",,BABY RATTLE,METAL,SILVER,"4.5"" X 2.5""",,
"SPECIAL
OCCASIONS",,BABY BIB,METAL,SILVER,"3.25"" X 3""",,
"SPECIAL
OCCASIONS",,BABY,PLASTIC,PURPLE,"4"" X 4""",,
"SPECIAL
OCCASIONS",,OH BABY,PLASTIC,PURPLE,"4"" X 4""",,
"SPECIAL
OCCASIONS",,BALLOON,METAL,SILVER,"3.5"" X 2.5""",,
"SPECIAL
OCCASIONS",,CHAMPAGNE GLASS (2),METAL,SILVER,"2.75"" X 1.5""",,
"SPECIAL
OCCASIONS",,COCKTAIL GLASS,METAL,LIGHT GREEN,"3.25"" X 2.5""",,
"SPECIAL
OCCASIONS",,COCOMELON BABY,PLASTIC,LIGHT PURPLE,"3.5"" X 3.75""",,
"SPECIAL
OCCASIONS",,COCOMELON MELON,PLASTIC,LIGHT PURPLE,"3.5"" X 3""",,
"SPECIAL
OCCASIONS",,CROSS,METAL,SILVER,"4.25"" X 2.75""",,
"SPECIAL
OCCASIONS",,CROSS,METAL,SILVER,"3.75"" X 2.5""",,
"SPECIAL
OCCASIONS",,CROSS,METAL,SILVER,"4.25"" X 2.75""",,
"SPECIAL
OCCASIONS",,CROSS,METAL,SILVER,"5.5"" X 4""",,
"SPECIAL
OCCASIONS",,DIPLOMA,METAL,SILVER,"1.25"" X 3.5""",,
"SPECIAL
OCCASIONS",,DIPLOMA,METAL,SILVER,"2.5"" X 4""",,
"SPECIAL
OCCASIONS",,ENGAGEMENT RING,METAL,SILVER,"4"" X 2.5""",,
"SPECIAL
OCCASIONS",,ENGAGEMENT RING,METAL,SILVER,"3.75"" X 2.5""",,
"SPECIAL
OCCASIONS",,FLOWER ARRANGEMENT,PLASTIC,RED,"4"" X 4.5""",,
"SPECIAL
OCCASIONS",,FLOWER BOUQUET,METAL,SILVER,"3.5"" X 2.5""",,
"SPECIAL
OCCASIONS",,"GRAD MESSAGE (CAP, GRAD AND YEAR)",PLASTIC,GREEN,"3.25"" X 4.25""",,
"SPECIAL
OCCASIONS",,GRADUATION CAP,METAL,SILVER,"2.75"" X 4.5""",,
"SPECIAL
OCCASIONS",,GRADUATION GOWN,METAL,SILVER,"4"" X 3.5""",,
"SPECIAL
OCCASIONS",,GRADUATION GOWN,METAL,SILVER,"3"" X 3.5""",,
"SPECIAL
OCCASIONS",,HOUSE,METAL,SILVER,"4.75"" X 3.75""",,
"SPECIAL
OCCASIONS",,LIPS,METAL,RED,"2.5"" X 4.25""",,
"SPECIAL
OCCASIONS",,MEDAL,METAL,SILVER,"3.5"" X 2.5""",,
"SPECIAL
OCCASIONS",,NOAH'S ARK BOXED SET,METAL,SILVER,"1.5"" X 1.5""
APPROX.",,"LION, ELEPHANT, GIRAFFE, HORSE, BEAR, ARK (BOAT)"
"SPECIAL
OCCASIONS",,OH BABY,PLASTIC,ORANGE,"3.75"" X 4.25""",,
"SPECIAL
OCCASIONS",,PENIS (4),METAL,SILVER,"3"" X 1.25""",,
"SPECIAL
OCCASIONS",,RAINBOW (2),METAL,SILVER,"2"" X 4.25""",,
"SPECIAL
OCCASIONS",,RAINBOW,METAL,SILVER,"3.75"" X 4""",,
"SPECIAL
OCCASIONS",,SCIENCE LAB BEAKER,METAL,SILVER,"3.75"" X 3.5""",,
"SPECIAL
OCCASIONS",,SCIENCE LAB BEAKER,METAL,SILVER,"5.55"" X 3.25""",,
"SPECIAL
OCCASIONS",,SCIENCE LAB TEST TUBE,METAL,SILVER,"5.75"" X 1.75""",,
"SPECIAL
OCCASIONS",,SCIENCE LAB ATOM,METAL,SILVER,"4"" X 4.5""",,
"SPECIAL
OCCASIONS",,SHOOTING STAR,METAL,SILVER,"4"" X 2.5""",,
"SPECIAL
OCCASIONS",,TROPHY,METAL,SILVER,"3.75"" X 3""",,
SPORTS,,BASEBALL  HAT / CAP,METAL,SILVER,"1.75"" X 3.75""",,
SPORTS,,BASEBALL BAT,METAL,SILVER,".75"" X 4.25""",,
SPORTS,,BASEBALL GLOVE,METAL,SILVER,"3.5"" X 3.5""",,
SPORTS,,BASEBALL GLOVE,METAL,SILVER,"3.5"" X 3.75""",,CATCHER'S MITT
SPORTS,,BASEBALL IMPRINT,PLASTIC,GREEN,"2.5"" X 2.5""",,
SPORTS,,BASKETBALL,PLASTIC,ORANGE,"2.5"" X 2.5""",,
SPORTS,,"BASKETBALL BACKBOARD WITH
HOOP & NET",PLASTIC,ORANGE,"3.25"" X 4""",,
SPORTS,,BASKETBALL NET,PLASTIC,ORANGE,"4"" X 2.75""",,
SPORTS,,BOWLING PIN,METAL,SILVER,"5.25"" X 1.75""",,
SPORTS,,COLLEGE FLAG / TEAM BANNER,METAL,RED,"3"" X 3.5""",,
SPORTS,,DANCE OUTFIT / DRESS,PLASTIC,RED,"3.25"" X 3.25""",,
SPORTS,,DANCE SHOES,PLASTIC,RED,"2.25"" X 1.5""",,
SPORTS,,FOOTBALL,METAL,SILVER,"2"" X 3.5""",,
SPORTS,,FOOTBALL,METAL,SILVER,"2.25"" X 3.5""",,
SPORTS,,FOOTBALL,METAL,BROWN,"2.25"" X 3.25""",,
SPORTS,,FOOTBALL HELMET,METAL,SILVER,"3.25"" X 3.5""",,
SPORTS,,FOOTBALL HELMET,METAL,BLUE,"2.5"" X 2.75""",,
SPORTS,,GOLF GREEN / ARTIST PAINT PALETTE,METAL,SILVER,"3.25"" X 3.5""",,
SPORTS,,GYMNASTICS,PLASTIC,RED,"2"" X 2.25""",,
SPORTS,,GYMNASTICS,PLASTIC,RED,"2.5"" X 4.25""",,
SPORTS,,GYMNASTICS,PLASTIC,RED,"2.25"" X 2.25""",,
SPORTS,,GYMNASTICS,PLASTIC,RED,"2.25"" X 2.25""",,
SPORTS,,GYMNASTICS,PLASTIC,RED,"1.25"" X 2.25""",,
SPORTS,,HORSESHOE,METAL,SILVER,"4"" X 4.25""",,
SPORTS,,HORSESHOE,PLASTIC,YELLOW,"3.5"" X 3.25""",,
SPORTS,,ICE SKATE,PLASTIC,PINK,"3.25"" X 3.75""",,
SPORTS,,ICE SKATE,METAL,SILVER,"3"" X 3""",,
SPORTS,,KARATE / MARTIAL ARTS,METAL,SILVER,"3.75"" X 3.75""",,
SPORTS,,KARATE / MARTIAL ARTS,METAL,SILVER,"3.5"" X 4.5""",,
SPORTS,,KARATE / MARTIAL ARTS,METAL,SILVER,"3.5"" X 4.25""",,
SPORTS,,MEGAPHONE,METAL,SILVER,"2.5"" X 3.5""",,
SPORTS,,MEGAPHONE (2),METAL,SILVER,"3.5"" X 3.5""",,
SPORTS,,"PAIR OF DANCE SHOES / 
BALLET SLIPPERS",PLASTIC,RED,"1.75"" X 1.5""
EACH",,
SPORTS,,RACKET (TENNIS),METAL,SILVER,"3.5"" X 1.5""",,
SPORTS,,WASHINGTON NATIONALS EMBLEM,PLASTIC,RED,"2"" X 2.25""",,
SPORTS,,PHILADELPHIA PHILLIES EMBLEM,METAL,SILVER,"4"" X 3""",,
SPORTS,,YING YANG KARATE SYMBOL,METAL,SILVER,"4"" X 2""",,
"VEGETABLES / 
FRUITS",,APPLE,METAL,SILVER,"3.25"" X 2.75""",,
"VEGETABLES / 
FRUITS",,BANANA,METAL,SILVER,"2"" X 4.25""",,
"VEGETABLES / 
FRUITS",,BUNCH OF GRAPES,METAL,SILVER,"3.5"" X 2.5""",,
"VEGETABLES / 
FRUITS",,CARROT,METAL,SILVER,"4.75"" X 1""",,
"VEGETABLES / 
FRUITS",,CARROT,METAL,SILVER,"3.5"" X 1.75""",,
"VEGETABLES / 
FRUITS",,CARROT,METAL,SILVER,"4"" X 2""",,
"VEGETABLES / 
FRUITS",,CARROT / TURNIP (2),METAL,SILVER,"3"" X 1.25""",,
"VEGETABLES / 
FRUITS",,CARROT / TURNIP (2),METAL,SILVER,"3"" X 1.25""",,
"VEGETABLES / 
FRUITS",,EAR OF CORN (2),METAL,SILVER,"3.25"" X 2""",,
"VEGETABLES / 
FRUITS",,EGGPLANT (2),METAL,SILVER,"3"" X 2""",,
"VEGETABLES / 
FRUITS",,HEAD OF BROCCOLI (2),METAL,SILVER,"3"" X 2.5""",,
"VEGETABLES / 
FRUITS",,JALAPENO PEPPER,METAL,SILVER,"3.75"" X 1.75""",,
"VEGETABLES / 
FRUITS",,MELON SLICE,METAL,SILVER,"1.75"" X 3.75""",,
"VEGETABLES / 
FRUITS",,PEAR,METAL,SILVER,"3.5"" X 2.5""",,
"VEGETABLES / 
FRUITS",,PINEAPPLE,METAL,SILVER,"5.25"" X 2.5""",,
"VEGETABLES / 
FRUITS",,POTATO (2),METAL,SILVER,"1.75"" X 2.75""",,
"VEGETABLES / 
FRUITS",,RADISH / TURNIP,METAL,SILVER,"3.5"" X 2.25""",,
"VEGETABLES / 
FRUITS",,SQUASH / ZUCCHINI (2),METAL,SILVER,"3"" X 1.5""",,
"VEGETABLES / 
FRUITS",,STRAWBERRY,METAL,SILVER,"3.25"" X 2.25""",,
"VEGETABLES / 
FRUITS",,STRAWBERRY (2),METAL,SILVER,"3.5"" X 2.5""",,
"VEGETABLES / 
FRUITS",,TOMATO / PUMPKIN (2),METAL,SILVER,"3"" X 2.5""",,
"VEGETABLES / 
FRUITS",,TOMATO / PUMPKIN (2),METAL,SILVER,"2.75"" X 2.75""",,
XMAS #1,,ANGEL,PLASTIC,WHITE,"3"" X 3""",,
XMAS #1,,ANGEL,PLASTIC,GREEN,"3.5"" X 3""",,
XMAS #1,,ANGEL,METAL,SILVER,"2.75"" X 2.25""",,
XMAS #1,,ANGEL,METAL,SILVER,"3.25"" X 2.25""",,
XMAS #1,,ANGEL (3),METAL,SILVER,"3.5"" X 3""",,
XMAS #1,,BELL,METAL,SILVER,"2.75"" X 3""",,
XMAS #1,,BELL,METAL,SILVER,"3"" X 3""",,
XMAS #1,,BELL,METAL,SILVER,"3"" X 3""",,
XMAS #1,,BELL,PLASTIC,"CLEAR W/ RED
TOP EDGE","3.5"" X 3""",,
XMAS #1,,CANDLESTICK,METAL,SILVER,"3"" X 3""",,
XMAS #1,,CANDY CANE,METAL,SILVER,"3.5"" X 2""",,
XMAS #1,,CANDY CANE,PLASTIC,"CLEAR W/ GREEN
TOP EDGE","3.5"" X 2.25""",,
XMAS #1,,CANDY CANE (2),METAL,SILVER,"3.5"" X 2.25""",,
XMAS #1,,ELF HAT,METAL,SILVER,"3.25"" X 3""",,
XMAS #1,,GINGERBREAD MAN,METAL,SILVER,"2"" X 1.5""",,
XMAS #1,,GINGERBREAD MAN,METAL,"SILVER W/ BROWN 
TOP EDGE","3.5"" X 2.5""",,
XMAS #1,,GINGERBREAD MAN,METAL,"SILVER W/ BROWN 
TOP EDGE","4.5"" X 3.5""",,
XMAS #1,,GINGERBREAD MAN,METAL,"SILVER W/ BROWN 
TOP EDGE","5"" X 4.5""",,
XMAS #1,,GINGERBREAD MAN,PLASTIC,"CLEAR W/ RED
TOP EDGE","3"" X 3""",,
XMAS #1,,GINGERBREAD MAN (3),METAL,SILVER,"3.5"" X 3""",,
XMAS #1,,MITTEN,METAL,SILVER,"4"" X 3.5""",,
XMAS #1,,MITTEN (3),METAL,SILVER,"3"" X 2.25""",,
XMAS #1,,PINE CONE,METAL,SILVER,"4.25"" X 2.5""",,
XMAS #1,,PINE CONE,METAL,SILVER,"4"" X 3""",,
XMAS #1,,SNOW GLOBE,METAL,SILVER,"4"" X 3""",,
XMAS #1,,SNOWMAN,METAL,WHITE,"3.5"" X 2""",,
XMAS #1,,SNOWMAN,PLASTIC,"CLEAR W/ GREEN
TOP EDGE","3.5"" X 2.25""",,
XMAS #1,,SNOWMAN,PLASTIC,LIGHT RED,"3.5"" X 2.5""",,
XMAS #1,,SNOWMAN (3),METAL,SILVER,"3.25"" X 2""",,
XMAS #2,,STAR (2),METAL,SILVER,"3"" X 3""",,
XMAS #2,,STAR W/ ROUNDED POINTS,METAL,SILVER,"3"" X 3""",,
XMAS #2,,TREE,PLASTIC,LIGHT GREEN,"4"" X 3""",,
XMAS #2,,TREE,PLASTIC,"CLEAR W/ GREEN
TOP EDGE","3"" X 3""",,
XMAS #2,,TREE ORNAMENT,METAL,SILVER,"4.25"" X 3.5""",,
XMAS #2,,XMAS TREE,METAL,SILVER,"3.25"" X 3.5""",,
XMAS #2,,XMAS TREE,METAL,SILVER,"2.5"" X 2""",,
XMAS #2,,XMAS TREE,METAL,SILVER,"4"" X 3""",,
XMAS #2,,XMAS TREE,METAL,GREEN,"3.5"" X 2.75""",,
XMAS #2,,XMAS TREE,METAL,"SILVER W/ GREEN 
TOP EDGE","3"" X 2.75",,
XMAS #2,,XMAS TREE,METAL,"SILVER W/ GREEN 
TOP EDGE","4"" X 3""",,
XMAS #2,,XMAS TREE,METAL,"SILVER W/ GREEN 
TOP EDGE","5"" X 4""",,
XMAS #2,,XMAS TREE (3),METAL,SILVER,"3.25"" X 2.5""",,
XMAS #2,,XMAS TREE LIGHT BULB,METAL,SILVER,"3"" X 2""",,
XMAS #2,,XMAS TREE LIGHT BULB,METAL,SILVER,"3.25"" X 1.5""",,
XMAS #2,,XMAS TREE LIGHT BULB,PLASTIC,LIGHT GREEN,"3.25"" X 2""",,
XMAS #2,,XMAS TREE ORNAMENT,METAL,SILVER,"4.5"" X 3.5""",,
XMAS #2,,XMAS TREE ORNAMENT,METAL,SILVER,"3"" X 2.5""",,
XMAS #2,,XMAS TREE ORNAMENT,METAL,SILVER,"3"" X 2.5""",,
XMAS #2,,XMAS TREE ORNAMENT,METAL,SILVER,"4"" X 2.5""",,
XMAS #2,,XMAS TREE ORNAMENT,PLASTIC,LIGHT RED,"3"" X 3""",,
XMAS #2,,XMAS TREE ORNAMENT (2),METAL,SILVER,"3.5"" X 1.75""",,
XMAS #2,,XMAS TREE ORNAMENT (3),METAL,SILVER,"3.5"" X 2.5""",,
XMAS #3,,ELF,METAL,SILVER,"3.25"" X 2.5""",,
XMAS #3,,ELF HAT,METAL,SILVER,"3"" X 3""",,
XMAS #3,,HOLLY LEAF (2),METAL,SILVER,"3"" X 1.75""",,
XMAS #3,,PRESENT,PLASTIC,LIGHT GREEN,"3"" X 2.5""",,
XMAS #3,,PRESENT (2),METAL,SILVER,"2.5"" X 2""",,
XMAS #3,,REINDEER,METAL,SILVER,"2.5"" X 3""",,
XMAS #3,,REINDEER,METAL,SILVER,"2.75"" X 3""",,
XMAS #3,,REINDEER,METAL,SILVER,"4"" X 3.5""",,
XMAS #3,,ROCKING HORSE,METAL,SILVER,"2.5"" X 3""",,
XMAS #3,,SANTA,PLASTIC,LIGHT RED,"4"" X 3""",,
XMAS #3,,SANTA,METAL,SILVER,"5"" X 2.5""",,
XMAS #3,,SANTA GNOME,METAL,SILVER,"4"" X 2""",,
XMAS #3,,SANTA W/ BAG OF GIFTS - SIDE VIEW,METAL,SILVER,"4"" X 2.5""",,
XMAS #3,, ,METAL,SILVER,"3.5"" X 2.5""",,
XMAS #3,,SLEIGH (2),METAL,SILVER,"2.25"" X 2.25""",,
XMAS #3,,SNOWFLAKE,METAL,"SILVER W/ LIGHT BLUE
TOP EDGE","3"" X 3""",,
XMAS #3,,SNOWFLAKE,METAL,SILVER,"3"" X 3.5""",,
XMAS #3,,SNOWFLAKE,METAL,SILVER,"3.5"" X 3.5""",,
XMAS #3,,SNOWFLAKE (3),METAL,SILVER,"3"" X 3""",,
XMAS #3,,STOCKING,PLASTIC,"CLEAR W/ GREEN
TOP EDGE","3.5"" X 3""",,
XMAS #3,,STOCKING,PLASTIC,LIGHT RED,"3.5"" X 3""",,
XMAS #3,,STOCKING (2),METAL,SILVER,"3.5"" X 2.75""",,
XMAS #3,,TEDDY BEAR,METAL,SILVER,"3.25"" X 2.75""",,
XMAS #3,,TOY SOLDIER,METAL,SILVER,"3.25"" X 1.5""",,
XMAS #3,,WREATH,PLASTIC,LIGHT GREEN,"3"" X 3""",,
XMAS #3,,WREATH (3),METAL,SILVER,"2.75"" X 2.75""",,
